项目名称,负责人,开始日期,结束日期,进度(%),状态,优先级,预算(万),实际花费(万),部门,备注,更新时间,风险等级
小红书内容运营优化,张三,2025-07-15,2025-08-31,85,进行中,高,15.5,12.8,市场部,Q3重点项目,2025-08-19,L2
用户增长策略执行,李四,2025-07-15,2025-08-15,92,进行中,高,22.0,19.5,市场部,数据驱动增长,2025-08-19,L1
品牌合作项目管理,王五,2025-07-20,2025-09-10,65,进行中,中,18.8,15.2,商务部,重点KOL合作,2025-08-19,L2
社区运营体系搭建,赵六,2025-08-01,2025-09-30,45,进行中,高,25.0,20.1,运营部,社区生态建设,2025-08-19,L3
内容创作工具升级,孙七,2025-07-25,2025-08-25,78,进行中,中,12.3,10.5,技术部,创作效率提升,2025-08-19,L2
数据分析平台优化,周八,2025-08-05,2025-09-15,55,进行中,高,30.0,25.8,技术部,BI系统升级,2025-08-19,L1
用户体验研究项目,吴九,2025-07-10,2025-08-20,88,进行中,中,8.5,7.2,产品部,UX优化研究,2025-08-19,L3
移动端性能优化,郑十,2025-07-28,2025-08-28,70,进行中,高,16.7,14.3,技术部,App性能提升,2025-08-19,L2
内容审核系统升级,钱十一,2025-08-10,2025-09-20,40,进行中,中,20.2,16.8,技术部,AI审核优化,2025-08-19,L3
营销活动自动化,孙十二,2025-07-12,2025-08-22,82,进行中,高,13.6,11.9,市场部,精准营销系统,2025-08-19,L1
客服系统智能化,李十三,2025-08-02,2025-09-12,58,进行中,中,19.4,17.1,客服部,AI客服部署,2025-08-19,L2
供应链管理优化,王十四,2025-07-18,2025-08-18,95,即将完成,高,28.5,26.7,供应链,成本控制优化,2025-08-19,L3
风控系统完善,张十五,2025-08-08,2025-09-25,35,进行中,高,22.8,19.2,风控部,安全防护升级,2025-08-19,L1
直播功能开发,赵十六,2025-07-22,2025-08-30,72,进行中,高,35.2,30.4,技术部,直播生态建设,2025-08-19,L2
个性化推荐算法,孙十七,2025-08-01,2025-09-08,48,进行中,中,26.9,23.1,算法部,推荐精度提升,2025-08-19,L3
支付系统集成,周十八,2025-07-30,2025-08-29,66,进行中,高,17.3,15.6,支付部,多渠道支付,2025-08-19,L2
