一级分类,二级分类,三级分类,四级细项,功能描述,技术实现,应用场景,业务价值,海龙国际具体应用,拓展潜力,投资回报,风险等级,优先级,备注
模块1-智能文档下载器,核心能力,腾讯文档自动下载,Cookie认证机制,支持Cookie认证自动登录,TencentDocAutoExporter类,报关单据自动归档,成功率95%,每日自动下载海关申报表格,扩展到飞书/钉钉/Google Sheets,减少80%人工下载时间,低,高,现有技术成熟
模块1-智能文档下载器,核心能力,多格式支持,XLSX格式,Excel格式完整下载,export_format='xlsx',财务报表下载,保留原始格式和公式,下载财务部门费用表,支持PDF/Word等更多格式,提高数据准确性,低,高,已实现
模块1-智能文档下载器,核心能力,多格式支持,CSV格式,CSV格式高效下载,export_format='csv',大数据量表格下载,处理速度快占用资源少,订单批量数据下载,支持TSV/JSON格式,处理速度提升10倍,低,高,已实现
模块1-智能文档下载器,核心能力,批量处理,并发下载,异步并发提高效率,asyncio.gather(),多文档同时下载,并发数可达20个,批量下载所有客户订单,智能调度避免限流,效率提升20倍,中,高,需要优化限流策略
模块1-智能文档下载器,核心能力,版本管理,按周归档,ISO周数自动计算,datetime.isocalendar(),历史版本追溯,符合审计要求,按船期/航次自动分类存储,支持自定义归档规则,满足合规审计需求,低,中,已实现基础功能
模块1-智能文档下载器,核心能力,版本管理,按天归档,每日快照保存,timestamp命名规则,每日数据备份,防止数据丢失,生成每日费用快照,支持小时级归档,数据安全性提升90%,低,中,可扩展
模块1-智能文档下载器,独立封装方案,类设计,DocumentDownloader基类,抽象基类定义接口,ABC抽象类,统一接口规范,便于扩展新平台,作为所有下载器的基类,面向接口编程,代码复用率提升60%,低,高,良好的架构设计
模块1-智能文档下载器,独立封装方案,类设计,TencentDocDownloader,腾讯文档专用实现,继承DocumentDownloader,腾讯文档下载,专门优化腾讯文档,下载客户共享的订单表,可作为其他平台模板,开发效率提升50%,低,高,核心实现
模块1-智能文档下载器,独立封装方案,类设计,BatchDownloadManager,批量下载管理器,管理并发任务,批量任务调度,提高批量处理效率,每日批量下载所有客户订单,支持断点续传,批量处理能力提升10倍,中,高,关键组件
模块1-智能文档下载器,拓展应用,报关单据自动归档系统,下载功能,自动拉取海关表格,定时任务+下载器,海关申报自动化,减少人工操作,每日自动下载海关申报表格,对接海关API,人工成本降低70%,低,高,海龙核心需求
模块1-智能文档下载器,拓展应用,报关单据自动归档系统,分类存储,按类型自动分类,正则匹配+目录管理,文档分类管理,提高查找效率,按船期/航次自动分类存储,AI智能分类,查找效率提升80%,低,高,提升管理效率
模块1-智能文档下载器,拓展应用,报关单据自动归档系统,模板支持,多运输方式模板,模板配置系统,支持多种运输方式,灵活适应业务,支持中欧班列/海运/空运模板,自定义模板设计器,适应性提升90%,低,中,业务灵活性
模块1-智能文档下载器,拓展应用,客户订单实时同步,自动拉取,从共享文档拉取,WebSocket监听变化,实时获取订单,零延迟处理,从客户腾讯文档拉取订单,支持推送通知,订单处理时间缩短60%,中,高,提升响应速度
模块1-智能文档下载器,拓展应用,客户订单实时同步,格式转换,转换为ERP格式,pandas数据处理,数据格式统一,无缝对接ERP,自动转换为内部ERP格式,支持多ERP系统,数据录入效率提升90%,低,高,系统集成关键
模块1-智能文档下载器,拓展应用,客户订单实时同步,流程触发,触发后续流程,事件驱动架构,自动化流程,减少人工干预,触发仓库备货流程,支持复杂流程编排,流程自动化率达85%,中,高,流程自动化
模块1-智能文档下载器,拓展应用,费用清单定期备份,定时下载,按计划自动下载,cron定时任务,定期数据备份,确保数据安全,财务部门费用表自动下载,支持灵活的备份策略,数据丢失风险降低95%,低,中,数据安全保障
模块1-智能文档下载器,拓展应用,费用清单定期备份,快照生成,生成时点快照,版本控制系统,历史数据追溯,满足审计要求,生成每日/每周费用快照,支持增量备份,存储成本降低60%,低,中,成本优化
模块1-智能文档下载器,拓展应用,费用清单定期备份,汇率更新,多币种自动更新,外部API对接,汇率实时更新,避免汇率风险,支持多币种汇率自动更新,接入多个汇率源,汇率风险降低80%,中,高,财务风险控制
模块1-智能文档下载器,二次开发潜力,平台扩展,飞书文档,适配飞书API,新建FeishuDocDownloader,扩展下载能力,覆盖更多客户,支持使用飞书的客户,统一下载接口,客户覆盖面扩大30%,中,中,市场扩展
模块1-智能文档下载器,二次开发潜力,平台扩展,钉钉文档,适配钉钉API,新建DingTalkDocDownloader,扩展下载能力,覆盖阿里系客户,支持使用钉钉的客户,统一下载接口,客户覆盖面扩大25%,中,中,市场扩展
模块1-智能文档下载器,二次开发潜力,平台扩展,Google Sheets,适配Google API,新建GoogleDocDownloader,国际化支持,服务海外客户,支持海外客户使用,OAuth认证集成,海外市场拓展,高,低,国际化战略
模块1-智能文档下载器,二次开发潜力,智能触发机制,变更检测,检测文档更新,轮询或WebSocket,智能下载触发,减少无效下载,检测文档更新自动下载,基于内容的变更检测,下载效率提升70%,中,中,智能化升级
模块1-智能文档下载器,二次开发潜力,智能触发机制,事件驱动,基于事件触发,消息队列集成,事件驱动架构,提高系统响应,文档变更事件自动触发,支持复杂事件规则,系统耦合度降低60%,中,中,架构优化
模块1-智能文档下载器,二次开发潜力,加密存储,数据加密,AES256加密,cryptography库,数据安全保护,防止数据泄露,敏感文档自动加密归档,支持多种加密算法,安全等级提升到银行级,高,高,安全合规
模块1-智能文档下载器,二次开发潜力,加密存储,权限管理,基于角色的访问控制,RBAC系统,细粒度权限控制,满足合规要求,不同部门不同权限,支持动态权限分配,合规风险降低90%,中,高,合规要求
模块2-智能对比分析引擎,核心能力,结构化对比,19列标准化框架,固定列结构对比,pandas DataFrame对比,标准化对比流程,提高对比准确性,报关要素19项对比,可自定义列配置,对比准确率99%,低,高,已验证可靠
模块2-智能对比分析引擎,核心能力,结构化对比,列级对比,逐列精确对比,column-by-column比较,精确定位差异,快速发现变更,运价表逐列对比,支持列权重设置,差异定位速度提升80%,低,高,核心功能
模块2-智能对比分析引擎,核心能力,AI语义分析,Claude API集成,深度语义理解,process_with_claude(),语义级别对比,超越文本匹配,合同条款语义分析,支持多AI模型,语义理解准确率85%,中,高,AI赋能
模块2-智能对比分析引擎,核心能力,AI语义分析,智能判断,AI判断变更合理性,置信度评分系统,智能决策支持,辅助人工决策,判断运价调整合理性,可训练的AI模型,决策效率提升60%,中,高,智能化核心
模块2-智能对比分析引擎,核心能力,风险分级,L1高风险,关键字段变更,配置化风险规则,高风险预警,及时发现问题,运价大幅上涨预警,可自定义风险阈值,风险识别率95%,低,高,风险控制
模块2-智能对比分析引擎,核心能力,风险分级,L2中风险,重要字段变更,配置化风险规则,中风险提醒,需要关注处理,交期变更提醒,支持多维度风险评估,风险处理及时率提升70%,低,高,风险控制
模块2-智能对比分析引擎,核心能力,风险分级,L3低风险,一般字段变更,配置化风险规则,低风险记录,存档备查,备注信息变更,自动归档处理,处理效率提升50%,低,中,提高效率
模块2-智能对比分析引擎,核心能力,变更追踪,行级追踪,精确到具体行,row index定位,精确定位变更,便于核查,定位具体订单变更,支持变更历史回溯,追踪准确率100%,低,高,审计要求
模块2-智能对比分析引擎,核心能力,变更追踪,列级追踪,精确到具体列,column index定位,精确定位字段,快速理解变更,定位具体字段变更,支持字段级版本对比,理解效率提升80%,低,高,提高效率
模块2-智能对比分析引擎,核心能力,变更追踪,变更历史,完整变更记录,时序数据库存储,审计追溯,满足合规要求,保存所有历史变更,支持变更趋势分析,合规满足率100%,中,高,合规要求
模块2-智能对比分析引擎,独立封装方案,类设计,DiffAnalyzer,通用对比分析器,基础对比类,通用对比能力,可扩展框架,基础对比功能实现,插件式扩展架构,开发效率提升40%,低,高,架构基础
模块2-智能对比分析引擎,独立封装方案,类设计,LogisticsDiffAnalyzer,物流专用分析器,继承DiffAnalyzer,行业特化功能,物流场景优化,运价表/报关单专用,可定制行业规则,行业适配度95%,低,高,行业深耕
模块2-智能对比分析引擎,独立封装方案,方法实现,column_compare(),列对比方法,DataFrame.compare(),基础对比功能,标准对比接口,实现列级对比,支持自定义对比逻辑,灵活性提升60%,低,高,核心方法
模块2-智能对比分析引擎,独立封装方案,方法实现,semantic_analyze(),语义分析方法,AI API调用,AI增强对比,智能化升级,调用Claude分析,支持多模型切换,智能化水平提升80%,中,高,AI核心
模块2-智能对比分析引擎,独立封装方案,方法实现,risk_assessment(),风险评估方法,规则引擎,风险量化评估,决策支持,计算风险分数,支持机器学习优化,风险预测准确率85%,中,高,风险控制
模块2-智能对比分析引擎,独立封装方案,方法实现,generate_report(),报告生成方法,模板引擎,自动生成报告,提高工作效率,生成对比分析报告,支持多种报告格式,报告生成效率提升90%,低,中,效率工具
模块2-智能对比分析引擎,拓展应用,运价表智能对比系统,场景描述,航运公司运价频繁调整,业务痛点,价格变化追踪,保持竞争力,各航运公司运价调整追踪,行业通用需求,市场响应速度提升70%,低,高,核心业务
模块2-智能对比分析引擎,拓展应用,运价表智能对比系统,涨价识别,自动识别涨价航线,价格比较算法,涨价预警,及时调整报价,识别涨价航线并预警,支持多维度分析,价格竞争力提升60%,低,高,市场竞争
模块2-智能对比分析引擎,拓展应用,运价表智能对比系统,降价识别,自动识别降价航线,价格比较算法,降价机会,抓住市场机会,识别降价航线抢占市场,支持动态定价策略,市场份额提升20%,低,高,市场机会
模块2-智能对比分析引擎,拓展应用,运价表智能对比系统,客户通知,生成报价调整建议,模板生成系统,客户沟通,维护客户关系,生成客户报价调整建议,支持个性化通知,客户满意度提升40%,低,中,客户服务
模块2-智能对比分析引擎,拓展应用,运价表智能对比系统,价值输出,快速响应市场变化,实时监控系统,市场竞争优势,保持价格优势,快速响应保持价格竞争力,支持预测分析,利润率提升15%,中,高,盈利能力
模块2-智能对比分析引擎,拓展应用,报关要素合规检查,场景描述,海关政策频繁更新,合规挑战,政策跟踪,避免违规风险,海关政策变化追踪,政策库自动更新,合规风险降低90%,高,高,合规要求
模块2-智能对比分析引擎,拓展应用,报关要素合规检查,变更识别,对比新旧报关要求,文档对比技术,政策变化追踪,及时了解变化,自动对比新旧要求,支持多国海关规则,政策响应速度提升80%,中,高,政策适应
模块2-智能对比分析引擎,拓展应用,报关要素合规检查,AI识别,AI识别关键变更点,NLP关键词提取,智能提取要点,快速理解变化,AI识别政策要点,支持多语言政策,理解效率提升70%,中,高,智能化
模块2-智能对比分析引擎,拓展应用,报关要素合规检查,合规提醒,自动生成合规提醒,规则引擎+通知系统,主动合规管理,预防违规发生,自动生成合规检查单,支持合规培训生成,违规率降低85%,低,高,风险预防
模块2-智能对比分析引擎,拓展应用,报关要素合规检查,价值输出,降低报关风险避免罚款,风险管理系统,经济效益,直接降低损失,避免海关罚款和延误,支持合规审计,罚款损失降低95%,低,高,直接收益
模块2-智能对比分析引擎,拓展应用,供应商合同条款监控,场景描述,多供应商合同管理,管理复杂性,合同管理,统一管理标准,管理多个供应商合同,合同生命周期管理,管理效率提升60%,中,中,管理提升
模块2-智能对比分析引擎,拓展应用,供应商合同条款监控,版本对比,对比不同版本合同条款,版本控制系统,版本追踪,了解条款变化,追踪合同版本变化,支持条款库管理,版本管理效率提升70%,低,中,版本控制
模块2-智能对比分析引擎,拓展应用,供应商合同条款监控,风险识别,AI识别潜在风险条款,风险条款库+AI,风险预警,提前发现问题,识别不利条款,支持风险量化评估,风险识别率90%,高,高,风险控制
模块2-智能对比分析引擎,拓展应用,供应商合同条款监控,谈判支持,生成谈判要点建议,知识库+AI建议,谈判准备,提高谈判能力,生成谈判策略建议,支持历史案例学习,谈判成功率提升50%,中,中,业务支持
模块2-智能对比分析引擎,拓展应用,供应商合同条款监控,价值输出,保护公司利益优化商务条款,利益最大化,经济效益,降低采购成本,优化商务条款降低成本,支持供应商评估,采购成本降低10%,低,高,成本控制
模块2-智能对比分析引擎,拓展应用,多语言提单对比,场景描述,处理多国语言提单,国际化挑战,国际贸易,消除语言障碍,处理中英日韩等多语言提单,全球化业务支持,国际业务效率提升60%,高,高,国际化
模块2-智能对比分析引擎,拓展应用,多语言提单对比,中英对比,中英文提单自动对比,翻译API+对比,翻译准确性,确保信息一致,中英文提单信息核对,支持专业术语库,翻译准确率95%,中,高,核心功能
模块2-智能对比分析引擎,拓展应用,多语言提单对比,AI翻译,AI翻译+语义校验,多语言AI模型,智能翻译,超越机器翻译,AI理解语义差异,支持行业术语学习,语义准确率90%,高,高,AI优势
模块2-智能对比分析引擎,拓展应用,多语言提单对比,偏差识别,识别翻译偏差风险,语义相似度算法,风险预警,避免理解偏差,识别关键信息偏差,支持人工复核流程,偏差识别率88%,中,高,风险控制
模块2-智能对比分析引擎,拓展应用,多语言提单对比,价值输出,减少国际贸易纠纷,纠纷预防系统,降低纠纷,保护贸易利益,避免因翻译导致的纠纷,支持仲裁证据,纠纷率降低70%,低,高,风险预防
模块2-智能对比分析引擎,二次开发潜力,行业知识库,海运术语库,集成海运专业术语,术语标准化,专业化提升,提高专业水平,INCOTERMS等专业术语,支持术语更新,专业度提升80%,低,中,专业化
模块2-智能对比分析引擎,二次开发潜力,行业知识库,空运术语库,集成空运专业术语,术语标准化,专业化提升,提高专业水平,IATA标准术语,支持多语言术语,专业度提升80%,低,中,专业化
模块2-智能对比分析引擎,二次开发潜力,行业知识库,铁运术语库,集成铁运专业术语,术语标准化,专业化提升,提高专业水平,中欧班列专业术语,支持一带一路,专业度提升80%,低,中,专业化
模块2-智能对比分析引擎,二次开发潜力,自定义规则,业务规则定义,业务部门定义对比逻辑,规则引擎,灵活适配,满足个性需求,各部门自定义对比规则,可视化规则配置,适配度提升90%,中,高,灵活性
模块2-智能对比分析引擎,二次开发潜力,自定义规则,规则管理,规则版本管理,规则库系统,规则治理,统一管理规则,集中管理所有对比规则,支持规则审批流程,管理效率提升60%,中,中,规则治理
模块2-智能对比分析引擎,二次开发潜力,智能学习,历史学习,基于历史对比结果优化,机器学习,算法优化,持续改进,从历史案例中学习,支持深度学习,准确率持续提升,高,中,AI进化
模块2-智能对比分析引擎,二次开发潜力,智能学习,模式识别,识别对比模式,模式挖掘算法,发现规律,预测未来,发现业务变化规律,支持趋势预测,预测准确率75%,高,中,预测分析
模块3-智能热力图可视化引擎,核心能力,多维数据可视化,N×19动态矩阵,自适应矩阵大小,numpy动态数组,灵活展示,适应数据规模,根据文档数量自动调整,支持大规模数据,可扩展性100%,低,高,已实现
模块3-智能热力图可视化引擎,核心能力,多维数据可视化,色彩映射,5级色彩分段,颜色梯度算法,直观展示,一目了然,蓝青绿黄红渐变,支持自定义配色,可视化效果提升80%,低,高,视觉优化
模块3-智能热力图可视化引擎,核心能力,高斯平滑算法,数据平滑,消除噪点突出趋势,高斯核卷积,数据降噪,发现真实模式,识别数据热点区域,支持多种平滑算法,模式识别率提升60%,中,高,算法优化
模块3-智能热力图可视化引擎,核心能力,高斯平滑算法,热点识别,自动识别数据热点,聚类算法,热点发现,快速定位问题,自动标记高风险区域,支持异常检测,问题发现率提升70%,中,高,智能识别
模块3-智能热力图可视化引擎,核心能力,智能聚类,风险聚集,相似风险自动聚集,K-means聚类,模式发现,发现风险模式,将相关风险聚集显示,支持多种聚类算法,风险识别效率提升65%,高,高,AI功能
模块3-智能热力图可视化引擎,核心能力,智能聚类,区域划分,自动划分风险区域,层次聚类,区域管理,分区域管理,按风险等级分区显示,支持动态调整,管理效率提升55%,高,中,智能分区
模块3-智能热力图可视化引擎,核心能力,交互式UI,React前端,现代化前端框架,React 18,用户体验,提升交互体验,响应式设计适配各种屏幕,支持移动端,用户满意度提升70%,中,高,已实现
模块3-智能热力图可视化引擎,核心能力,交互式UI,WebSocket更新,实时数据推送,socket.io,实时更新,零延迟更新,数据变化实时反映,支持千人并发,实时性提升100%,中,高,实时通信
模块3-智能热力图可视化引擎,核心能力,交互式UI,交互操作,点击钻取详情,事件处理系统,深度交互,探索式分析,点击查看详细信息,支持手势操作,交互效率提升80%,低,中,用户体验
模块3-智能热力图可视化引擎,独立封装方案,类设计,HeatmapVisualizer,热力图可视化器,核心渲染类,基础可视化,标准化接口,通用热力图渲染,支持插件扩展,复用率提升70%,低,高,核心组件
模块3-智能热力图可视化引擎,独立封装方案,类设计,LogisticsHeatmapEngine,物流专用引擎,继承HeatmapVisualizer,行业定制,物流场景优化,物流数据专门优化,可定制化90%,低,高,行业版本
模块3-智能热力图可视化引擎,独立封装方案,方法实现,generate_matrix(),生成热力矩阵,numpy矩阵运算,数据转换,原始数据到矩阵,将业务数据转为矩阵,支持稀疏矩阵,性能提升60%,低,高,数据处理
模块3-智能热力图可视化引擎,独立封装方案,方法实现,apply_clustering(),应用聚类算法,sklearn聚类库,智能分组,数据智能分组,应用各种聚类算法,支持参数调优,聚类效果提升50%,中,高,AI算法
模块3-智能热力图可视化引擎,独立封装方案,方法实现,render_heatmap(),渲染热力图,D3.js或Canvas,图形渲染,生成可视化,渲染最终热力图,支持SVG导出,渲染性能提升40%,中,高,可视化
模块3-智能热力图可视化引擎,独立封装方案,方法实现,realtime_update(),实时更新,WebSocket推送,实时刷新,动态更新,推送实时数据更新,支持增量更新,更新效率提升80%,中,高,实时性
模块3-智能热力图可视化引擎,独立封装方案,方法实现,export_report(),导出报告,PDF/PNG生成,报告输出,分享交流,导出可视化报告,支持多种格式,报告质量提升60%,低,中,报告功能
模块3-智能热力图可视化引擎,拓展应用,全球航线运力监控大屏,可视化内容,各航线运力饱和度,颜色深浅表示,运力监控,实时掌控运力,全球航线运力实时监控,支持3D地球展示,决策效率提升70%,高,高,核心大屏
模块3-智能热力图可视化引擎,拓展应用,全球航线运力监控大屏,港口拥堵,港口拥堵程度,热点聚集算法,拥堵预警,避开拥堵港口,实时显示港口拥堵情况,支持预测拥堵,避损率提升60%,中,高,风险规避
模块3-智能热力图可视化引擎,拓展应用,全球航线运力监控大屏,运价波动,运价波动趋势,颜色变化动画,价格监控,把握市场动态,动态显示运价变化,支持历史回放,市场响应提升50%,中,高,市场监控
模块3-智能热力图可视化引擎,拓展应用,全球航线运力监控大屏,业务价值,优化航线选择,决策支持系统,科学决策,提高效益,优化航线避开拥堵,支持What-if分析,运营效率提升40%,低,高,决策支持
模块3-智能热力图可视化引擎,拓展应用,仓储库存热力分布图,货物密度,仓库各区域货物密度,空间分析算法,库存分布,优化仓储,显示货物分布密度,支持3D仓库模型,空间利用率提升30%,中,中,仓储优化
模块3-智能热力图可视化引擎,拓展应用,仓储库存热力分布图,滞留预警,滞留货物预警,时间分析算法,库存预警,及时处理,红色标记滞留货物,支持自动报警,库存周转提升40%,低,高,库存管理
模块3-智能热力图可视化引擎,拓展应用,仓储库存热力分布图,货物流向,快进快出货物流向,流向分析算法,流向可视化,优化动线,显示货物进出路径,支持动画展示,作业效率提升35%,中,中,流程优化
模块3-智能热力图可视化引擎,拓展应用,仓储库存热力分布图,业务价值,优化仓储布局提高周转率,仓储优化系统,降本增效,提高效率,科学布局提高周转,支持仿真模拟,仓储成本降低20%,低,高,成本控制
模块3-智能热力图可视化引擎,拓展应用,客户服务质量地图,投诉密度,各区域客户投诉密度,地理信息系统,服务监控,发现问题区域,地图显示投诉分布,支持下钻分析,问题发现率提升80%,低,高,服务改进
模块3-智能热力图可视化引擎,拓展应用,客户服务质量地图,响应时间,服务响应时间分布,时间统计分析,效率监控,提升响应速度,显示各区域响应时间,支持实时监控,响应速度提升50%,低,高,服务效率
模块3-智能热力图可视化引擎,拓展应用,客户服务质量地图,满意度评分,满意度评分热力图,评分统计系统,满意度监控,提升客户满意度,热力图显示满意度,支持趋势分析,满意度提升30%,低,高,客户体验
模块3-智能热力图可视化引擎,拓展应用,客户服务质量地图,业务价值,精准改善服务薄弱环节,服务改进系统,服务提升,提高竞争力,精准定位改善服务,支持A/B测试,服务质量提升45%,低,高,竞争优势
模块3-智能热力图可视化引擎,拓展应用,风险预警指挥中心,货物延误,货物延误风险地图,风险评估模型,延误预警,提前应对,地图显示延误风险,支持原因分析,准时率提升25%,中,高,风险控制
模块3-智能热力图可视化引擎,拓展应用,风险预警指挥中心,汇率波动,汇率波动影响分析,金融分析模型,汇率风险,规避损失,显示汇率影响范围,支持对冲建议,汇损降低40%,高,高,财务风险
模块3-智能热力图可视化引擎,拓展应用,风险预警指挥中心,政策变更,政策变更影响范围,政策分析引擎,政策风险,及时应对,显示政策影响区域,支持情景分析,合规风险降低60%,高,高,合规风险
模块3-智能热力图可视化引擎,拓展应用,风险预警指挥中心,业务价值,提前预警快速决策,综合预警系统,风险管理,降低损失,全面风险监控预警,支持应急预案,风险损失降低50%,中,高,风险管理
模块3-智能热力图可视化引擎,二次开发潜力,3D可视化,时间维度,加入时间维度4D展示,Three.js 3D引擎,立体展示,更丰富信息,时空数据立体展示,支持VR/AR,信息量提升200%,高,中,技术创新
模块3-智能热力图可视化引擎,二次开发潜力,3D可视化,空间展示,3D空间热力图,WebGL渲染,空间可视化,直观展示空间,3D仓库/港口展示,支持交互旋转,直观度提升150%,高,中,视觉升级
模块3-智能热力图可视化引擎,二次开发潜力,AI预测叠加,趋势预测,在热力图上叠加趋势预测,时序预测模型,预测分析,预见未来,显示未来趋势预测,支持多种算法,决策前瞻性提升60%,高,高,AI赋能
模块3-智能热力图可视化引擎,二次开发潜力,AI预测叠加,异常预测,预测潜在异常,异常检测算法,风险预测,提前预防,预测可能的异常点,支持实时告警,风险预防率提升70%,高,高,预防性维护
模块3-智能热力图可视化引擎,二次开发潜力,移动端适配,手机端,手机端实时查看,响应式设计,移动办公,随时随地监控,手机查看所有大屏,支持手势操作,移动办公率100%,中,高,移动化
模块3-智能热力图可视化引擎,二次开发潜力,移动端适配,平板端,平板端优化展示,触屏优化,会议展示,便于汇报,平板用于会议展示,支持投屏,会议效率提升40%,中,中,会议工具
模块4-AI文档智能处理器,核心能力,智能涂色标记,风险等级标记,自动标记风险等级,规则引擎+AI,风险可视化,直观展示风险,红黄绿自动标记,支持自定义规则,风险识别效率提升80%,低,高,已实现
模块4-AI文档智能处理器,核心能力,智能涂色标记,异常数据标注,异常数据自动标红,异常检测算法,异常提醒,及时发现问题,自动标注异常数据,支持阈值设置,异常发现率95%,低,高,质量控制
模块4-AI文档智能处理器,核心能力,AI批注生成,变更原因分析,AI分析变更原因,因果推理模型,智能解释,理解变更原因,自动生成变更说明,支持多语言,理解效率提升70%,高,高,AI核心
模块4-AI文档智能处理器,核心能力,AI批注生成,建议生成,生成处理建议,决策支持AI,智能建议,辅助决策,生成应对建议,支持案例学习,决策质量提升60%,高,高,决策支持
模块4-AI文档智能处理器,核心能力,自动上传,处理后回传,处理后文档自动回传,自动化流程,流程闭环,完整自动化,自动上传到腾讯文档,支持多平台,自动化率100%,中,高,已实现
模块4-AI文档智能处理器,核心能力,自动上传,版本管理,上传后版本控制,版本管理系统,版本追溯,历史可查,保存所有版本,支持回滚,版本管理完整性100%,低,中,版本控制
模块4-AI文档智能处理器,核心能力,多格式支持,Excel处理,Excel格式处理,openpyxl库,主流格式,广泛应用,处理xlsx文件,支持复杂格式,格式兼容性95%,低,高,已支持
模块4-AI文档智能处理器,核心能力,多格式支持,CSV处理,CSV格式处理,pandas库,高效处理,大数据处理,处理csv文件,支持大文件,处理效率提升80%,低,高,已支持
模块4-AI文档智能处理器,核心能力,多格式支持,PDF处理,PDF格式处理,PyPDF2库,文档处理,扫描件处理,处理PDF文档,支持OCR,格式覆盖率提升30%,高,中,待开发
模块4-AI文档智能处理器,独立封装方案,类设计,AIDocProcessor,AI文档处理器基类,抽象基类,标准接口,统一处理流程,通用文档处理接口,支持扩展,开发效率提升50%,低,高,架构设计
模块4-AI文档智能处理器,独立封装方案,类设计,CustomsDocumentAI,报关文档AI处理,继承AIDocProcessor,行业专用,报关场景优化,报关单专门处理,深度定制,场景适配度95%,低,高,行业应用
模块4-AI文档智能处理器,独立封装方案,方法实现,intelligent_marking(),智能标记,标记算法,自动标记,提高效率,实现智能标记功能,支持规则配置,标记准确率90%,低,高,核心功能
模块4-AI文档智能处理器,独立封装方案,方法实现,generate_comments(),生成批注,NLG技术,自动批注,智能解释,生成文字批注,支持模板定制,批注质量85%,高,高,AI功能
模块4-AI文档智能处理器,独立封装方案,方法实现,auto_upload(),自动上传,API集成,自动化,减少人工,自动上传处理结果,支持批量上传,上传成功率95%,中,高,自动化
模块4-AI文档智能处理器,独立封装方案,方法实现,format_conversion(),格式转换,格式转换库,格式互转,兼容性,各种格式互相转换,支持批量转换,转换准确率98%,低,中,工具功能
模块4-AI文档智能处理器,独立封装方案,方法实现,batch_process(),批量处理,并发处理,批量操作,提高效率,批量处理多个文档,支持断点续传,处理效率提升10倍,中,高,效率工具
模块4-AI文档智能处理器,拓展应用,智能报关单填写助手,货物识别,自动识别货物类别,分类算法,智能分类,减少错误,根据描述识别类别,支持图像识别,识别准确率85%,高,高,AI应用
模块4-AI文档智能处理器,拓展应用,智能报关单填写助手,HS编码匹配,智能填充HS编码,编码匹配算法,自动填充,提高效率,自动匹配HS编码,支持模糊匹配,匹配准确率90%,中,高,效率提升
模块4-AI文档智能处理器,拓展应用,智能报关单填写助手,合规检查,合规性自动检查,规则引擎,合规验证,避免错误,自动检查合规性,支持实时更新规则,合规率提升95%,低,高,风险控制
模块4-AI文档智能处理器,拓展应用,智能报关单填写助手,异常预警,异常数据标红预警,异常检测,风险提示,及时修正,标红异常数据,支持原因说明,错误率降低80%,低,高,质量控制
模块4-AI文档智能处理器,拓展应用,智能报关单填写助手,业务价值,提高报关效率50%降低差错率,效率提升,经济效益,降低成本,大幅提高报关效率,支持学习优化,ROI 200%,低,高,核心价值
模块4-AI文档智能处理器,拓展应用,多语言商业发票生成器,自动翻译,中文订单自动翻译,翻译API,多语言支持,国际化,自动翻译成多语言,支持术语库,翻译准确率92%,中,高,国际化
模块4-AI文档智能处理器,拓展应用,多语言商业发票生成器,币种换算,多币种自动换算,汇率API,汇率转换,财务准确,实时汇率换算,支持历史汇率,换算准确率100%,低,高,财务功能
模块4-AI文档智能处理器,拓展应用,多语言商业发票生成器,术语匹配,贸易术语智能匹配,术语库,专业术语,标准化,匹配标准贸易术语,支持INCOTERMS,术语准确率95%,低,高,专业化
模块4-AI文档智能处理器,拓展应用,多语言商业发票生成器,条款添加,合规条款自动添加,条款模板库,合规保障,降低风险,自动添加必要条款,支持国别定制,合规性100%,低,高,风险控制
模块4-AI文档智能处理器,拓展应用,多语言商业发票生成器,业务价值,加速单据制作减少人工错误,效率提升,质量提升,双重收益,制作速度提升5倍,支持模板管理,错误率降低90%,低,高,效率质量
模块4-AI文档智能处理器,拓展应用,智能提单审核系统,OCR识别,OCR识别扫描件,OCR引擎,数字化,无纸化办公,识别扫描的提单,支持多语言OCR,识别率95%,高,高,数字化
模块4-AI文档智能处理器,拓展应用,智能提单审核系统,信息校验,关键信息自动校验,校验规则,准确性检查,确保准确,自动校验关键信息,支持交叉验证,校验准确率98%,低,高,质量保证
模块4-AI文档智能处理器,拓展应用,智能提单审核系统,风险标注,风险点自动标注,风险识别算法,风险提示,及时发现,自动标注风险点,支持风险分级,风险识别率90%,中,高,风险控制
模块4-AI文档智能处理器,拓展应用,智能提单审核系统,修改建议,修改建议生成,AI建议系统,智能建议,指导修改,生成具体修改建议,支持历史案例,建议采纳率75%,高,中,智能辅助
模块4-AI文档智能处理器,拓展应用,智能提单审核系统,业务价值,避免提单错误导致的货物滞留,风险预防,降低损失,保障时效,避免因错误滞留,支持预审核,滞留率降低85%,低,高,风险预防
模块4-AI文档智能处理器,拓展应用,费用异常智能稽核,异常识别,异常费用自动识别,异常检测模型,费用监控,发现问题,自动识别异常费用,支持自定义规则,识别准确率88%,中,高,费用控制
模块4-AI文档智能处理器,拓展应用,费用异常智能稽核,历史对比,历史数据对比分析,时序分析,趋势分析,发现异常,与历史数据对比,支持同比环比,异常发现率85%,低,高,数据分析
模块4-AI文档智能处理器,拓展应用,费用异常智能稽核,疑点批注,疑点批注说明,AI解释生成,问题说明,便于审核,自动生成疑点说明,支持多维度分析,审核效率提升60%,中,高,审核辅助
模块4-AI文档智能处理器,拓展应用,费用异常智能稽核,审批触发,审批流程自动触发,工作流引擎,流程自动化,提高效率,触发审批流程,支持分级审批,流程效率提升70%,中,高,流程优化
模块4-AI文档智能处理器,拓展应用,费用异常智能稽核,业务价值,控制成本防止费用异常,成本控制,财务管理,降低损失,有效控制费用,支持预算管理,费用节省15%,低,高,财务价值
模块4-AI文档智能处理器,二次开发潜力,RPA集成,流程自动化,与RPA结合,UiPath/Blue Prism,端到端自动化,全流程自动化,集成RPA平台,支持复杂流程,自动化率提升到90%,高,高,全自动化
模块4-AI文档智能处理器,二次开发潜力,RPA集成,机器人协作,人机协作模式,协作框架,人机协同,最优效率,机器人处理例行工作,支持异常转人工,效率提升100%,高,中,未来趋势
模块4-AI文档智能处理器,二次开发潜力,区块链存证,文档上链,重要文档上链存证,区块链技术,不可篡改,法律效力,重要单据上链,支持多链,法律效力100%,高,中,创新应用
模块4-AI文档智能处理器,二次开发潜力,区块链存证,存证查询,链上存证查询,区块链浏览器,透明可查,增强信任,提供查询接口,支持批量验证,信任度提升80%,高,低,增信工具
模块4-AI文档智能处理器,二次开发潜力,智能合约,自动执行,自动执行业务规则,智能合约平台,规则自动化,减少纠纷,合约自动执行,支持复杂逻辑,执行准确率100%,高,低,未来方向
模块4-AI文档智能处理器,二次开发潜力,智能合约,条件触发,满足条件自动触发,事件驱动,智能触发,提高效率,条件满足自动执行,支持多条件组合,触发准确率98%,高,低,智能化
商业化路径,阶段规划,阶段一,内部应用(1-3个月),海龙国际内部推广,试点部署,内部验证,积累经验,全面推广到各部门,收集优化建议,内部满意度85%,低,高,第一步
商业化路径,阶段规划,阶段一,反馈收集,收集使用反馈,用户调研系统,持续改进,产品优化,建立反馈机制,快速迭代优化,产品成熟度提升60%,低,高,产品改进
商业化路径,阶段规划,阶段一,案例积累,建立最佳实践案例库,知识管理系统,经验沉淀,复制推广,形成标准操作流程,支持案例分享,推广效率提升50%,低,高,知识管理
商业化路径,阶段规划,阶段二,行业推广(3-6个月),打造物流行业平台,产品化改造,行业产品,市场拓展,物流行业专用平台,获得行业认证,市场占有率10%,中,高,市场扩张
商业化路径,阶段规划,阶段二,同行推广,向同行业公司推广,销售体系建立,客户拓展,收入增长,签约5-10家客户,提供定制服务,客户数量10家,中,高,商业化
商业化路径,阶段规划,阶段二,标准建立,建立行业标准和规范,标准化组织合作,行业影响力,建立壁垒,参与行业标准制定,申请相关专利,行业地位确立,高,中,战略布局
商业化路径,阶段规划,阶段三,SaaS化服务(6-12个月),推出云端SaaS版本,云原生改造,SaaS产品,规模化,上线SaaS平台,多租户架构,用户数1000+,高,高,规模化
商业化路径,阶段规划,阶段三,收费模式,按需付费模式,计费系统,商业模式,持续收入,订阅制收费,支持多种套餐,ARR达到500万,中,高,盈利模式
商业化路径,阶段规划,阶段三,API服务,提供API接口服务,API网关,开放能力,生态构建,开放API接口,支持第三方集成,API调用量100万/月,高,中,平台化
商业化路径,阶段规划,阶段四,生态建设(12个月+),开放平台,引入第三方开发者,开发者社区,生态繁荣,创新加速,建立开发者社区,提供SDK和文档,开发者1000+,高,中,生态系统
商业化路径,阶段规划,阶段四,应用市场,建立应用市场,应用商店系统,应用分发,增值服务,上线应用市场,审核发布流程,应用数量100+,高,中,平台经济
商业化路径,阶段规划,阶段四,解决方案,形成行业解决方案生态,解决方案中心,整体方案,高价值交付,打包解决方案,行业最佳实践,方案落地50+,中,高,价值提升
投资回报分析,直接收益,人力成本节省,减少80%文档处理人工,10人降至2人,成本降低,年省500万,减少8个人工岗位,可重新分配人力,年节省480万,低,高,可量化
投资回报分析,直接收益,效率提升,文档处理速度提升10倍,5分钟完成原1小时工作,时间节省,效率倍增,大幅缩短处理时间,支持更多业务,处理量提升10倍,低,高,可量化
投资回报分析,直接收益,错误减少,人为错误降低90%,错误率从10%降至1%,质量提升,减少损失,避免错误导致的损失,提高客户满意度,损失减少200万/年,低,高,可量化
投资回报分析,间接收益,决策支持,实时数据可视化辅助决策,数据驱动决策,决策质量,科学决策,提供全面数据支持,支持What-if分析,决策准确率提升40%,中,高,战略价值
投资回报分析,间接收益,风险控制,提前预警潜在风险,风险识别和预警,风险降低,减少损失,及时发现和处理风险,建立风险数据库,风险损失降低60%,中,高,风险价值
投资回报分析,间接收益,客户满意度,响应速度和准确性提升,服务质量提升,客户体验,竞争优势,提高服务水平,建立服务标准,客户满意度提升35%,低,高,市场价值
投资回报分析,预期回报,投资回收期,6-8个月,快速回本,短期见效,投资价值,半年内回收成本,持续产生收益,投资回收期6个月,低,高,财务指标
投资回报分析,预期回报,年化收益率,150%+,高收益率,投资收益,高回报,年收益超过投资额1.5倍,复利增长,年化收益率150%,中,高,财务指标
投资回报分析,预期回报,5年总收益,投资的8-10倍,长期收益,累计收益,长期价值,5年累计收益巨大,市场份额扩大,5年ROI 800%,中,高,长期价值
实施路线图,Q1 2025,核心模块拆分,完成4大模块独立封装,模块化改造,架构优化,技术准备,完成技术架构改造,测试验证,完成度100%,中,高,技术基础
实施路线图,Q1 2025,报关自动化,优先实施报关单据自动化,快速见效,试点项目,快速价值,报关效率提升50%,获得业务认可,试点成功率95%,低,高,快速胜利
实施路线图,Q1 2025,行业大屏,建立第一个行业大屏,可视化展示,管理工具,决策支持,航线运力监控大屏,获得管理层认可,使用率100%,中,高,可视化
实施路线图,Q2 2025,全面推广,全面推广至各业务部门,内部推广,全员使用,规模效应,覆盖所有部门,标准化流程,覆盖率100%,低,高,内部普及
实施路线图,Q2 2025,合作试点,寻找2-3家合作伙伴试点,外部验证,市场验证,商业验证,签约试点客户,收集市场反馈,试点客户3家,中,高,市场验证
实施路线图,Q2 2025,移动应用,开发移动端应用,移动化,随时随地,便捷使用,iOS/Android应用,推送通知,移动用户500+,高,中,用户体验
实施路线图,Q3 2025,SaaS改造,启动SaaS化改造,云化部署,规模化准备,技术升级,完成云原生改造,多租户支持,技术就绪度90%,高,高,技术准备
实施路线图,Q3 2025,市场拓展,拓展至东南亚市场,国际化,市场扩张,业务增长,建立海外团队,本地化服务,海外客户10+,高,中,国际化
实施路线图,Q3 2025,知识产权,申请相关专利和软著,知识产权保护,竞争壁垒,法律保护,申请5项专利,10项软著,知识产权15项,中,高,法律保护
实施路线图,Q4 2025,商业发布,正式发布商业版本,产品发布,市场推广,商业化,举办发布会,媒体推广,市场知名度提升,中,高,市场推出
实施路线图,Q4 2025,体系建设,建立销售和服务体系,商业体系,运营能力,持续运营,建立销售团队,客服体系,团队规模20人,高,高,运营能力
实施路线图,Q4 2025,盈利目标,实现首年盈利目标,财务目标,商业成功,可持续发展,营收1000万,净利润200万,盈利率20%,低,高,财务目标
风险与对策,技术风险,API限制/封禁,平台API调用限制,技术依赖,服务中断,业务影响,多渠道备份官方合作,建立备用方案,风险可控,中,高,需要关注
风险与对策,技术风险,对策,多渠道备份官方合作,风险缓解,多方案,降低依赖,与平台方深度合作,技术多元化,风险降低70%,中,高,风险缓解
风险与对策,市场风险,竞争对手跟进,市场竞争加剧,竞争压力,市场份额,利润下降,快速迭代建立壁垒,保持技术领先,竞争优势明显,中,高,需要关注
风险与对策,市场风险,对策,快速迭代建立壁垒,保持领先,持续创新,竞争优势,加快产品迭代,专利保护,领先优势6个月,中,高,竞争策略
风险与对策,合规风险,数据安全问题,数据泄露风险,法律风险,信任危机,业务损失,严格加密合规审查,安全保障,合规运营,数据加密传输存储,高,高,严格控制
风险与对策,合规风险,对策,严格加密合规审查,安全措施,合规保障,风险控制,通过安全认证,定期审计,合规率100%,高,高,合规保障
风险与对策,运营风险,客户接受度低,市场教育不足,推广困难,增长缓慢,收入不足,免费试用逐步推广,降低门槛,市场教育,提供培训支持,中,中,市场策略
风险与对策,运营风险,对策,免费试用逐步推广,市场培育,客户教育,逐步接受,POC项目,成功案例,转化率提升50%,中,中,市场培育
核心竞争力,行业理解,深度行业理解,基于真实业务场景打造,行业经验,场景匹配,实用性强,10年物流行业经验,持续优化,场景覆盖率95%,低,高,核心优势
核心竞争力,技术优势,技术领先性,AI+大数据+可视化融合,技术融合,综合能力,技术壁垒,多技术栈融合,持续研发,技术领先性保持2年,高,高,技术壁垒
核心竞争力,生态开放,开放生态,可扩展可定制可集成,平台化,生态价值,网络效应,开放API和SDK,第三方开发,生态伙伴100+,高,中,平台战略
核心竞争力,快速迭代,快速迭代,敏捷开发快速响应需求,响应能力,客户满意,持续改进,2周一个版本,需求响应24小时,迭代速度行业第一,中,高,执行能力
核心竞争力,知识沉淀,知识沉淀,行业最佳实践库,知识资产,复制能力,规模化基础,积累行业知识,案例库建设,最佳实践100+,低,高,知识资产